symbol,datetime,open,high,low,close,volume
A,2026-05-18T00:00:00Z,111.94000244140625,113.58999633789062,110.80999755859375,112.11000061035156,1684900
AAPL,2026-05-18T00:00:00Z,300.239990234375,300.6600036621094,294.9100036621094,297.8399963378906,34483000
ABBV,2026-05-18T00:00:00Z,210.3699951171875,211.36000061035156,207.67999267578125,209.41000366210938,5069000
ABNB,2026-05-18T00:00:00Z,133.5,137.25999450683594,132.35000610351562,134.3000030517578,3739500
ABT,2026-05-18T00:00:00Z,84.86000061035156,87.91999816894531,84.4000015258789,87.91000366210938,12347000
ACGL,2026-05-18T00:00:00Z,93.54000091552734,96.36000061035156,93.5,95.87000274658203,2896000
ACN,2026-05-18T00:00:00Z,167.75,177.5500030517578,165.8699951171875,177.5500030517578,5367600
ADBE,2026-05-18T00:00:00Z,247.30999755859375,256.19000244140625,245.24000549316406,255.63999938964844,5591800
ADI,2026-05-18T00:00:00Z,426.8999938964844,428.67999267578125,414.07000732421875,418.5799865722656,4228500
ADM,2026-05-18T00:00:00Z,80.87999725341797,81.37999725341797,79.19000244140625,80.91000366210938,3087600
ADP,2026-05-18T00:00:00Z,215.3000030517578,223.30999755859375,215.1300048828125,222.94000244140625,3256700
ADSK,2026-05-18T00:00:00Z,236.10000610351562,243.69000244140625,234.64999389648438,243.49000549316406,1807400
AEE,2026-05-18T00:00:00Z,107.2699966430664,108.08000183105469,105.76000213623047,107.37999725341797,1881500
AEP,2026-05-18T00:00:00Z,125.93000030517578,127.83999633789062,124.98999786376953,127.68000030517578,5462900
AES,2026-05-18T00:00:00Z,14.479999542236328,14.5600004196167,14.460000038146973,14.529999732971191,13522400
AFL,2026-05-18T00:00:00Z,116.98999786376953,118.80999755859375,116.30000305175781,118.66999816894531,1956600
AIG,2026-05-18T00:00:00Z,76.02999877929688,78.36000061035156,76.02999877929688,78.36000061035156,3623800
AIZ,2026-05-18T00:00:00Z,254.57000732421875,260.9700012207031,254.00999450683594,258.1700134277344,536500
AJG,2026-05-18T00:00:00Z,199.8800048828125,208.14999389648438,198.8800048828125,207.14999389648438,1614000
AKAM,2026-05-18T00:00:00Z,152.7100067138672,153.0,148.5,150.77000427246094,3093200
ALB,2026-05-18T00:00:00Z,181.30999755859375,182.27999877929688,174.02000427246094,175.74000549316406,1944300
ALGN,2026-05-18T00:00:00Z,158.02000427246094,161.22000122070312,155.89999389648438,158.77999877929688,982700
ALL,2026-05-18T00:00:00Z,217.5500030517578,222.69000244140625,216.8800048828125,221.2100067138672,1741400
ALLE,2026-05-18T00:00:00Z,126.0,129.8300018310547,125.55000305175781,128.47000122070312,1119500
AMAT,2026-05-18T00:00:00Z,441.30999755859375,441.7099914550781,408.0899963378906,413.57000732421875,8265000
AMCR,2026-05-18T00:00:00Z,37.029998779296875,37.84000015258789,36.88999938964844,37.4900016784668,3876900
AMD,2026-05-18T00:00:00Z,429.5,438.79998779296875,410.7099914550781,420.989990234375,28432100
AME,2026-05-18T00:00:00Z,227.27999877929688,227.94000244140625,225.14999389648438,225.66000366210938,1015800
AMGN,2026-05-18T00:00:00Z,325.54998779296875,325.7699890136719,321.2099914550781,324.3900146484375,2030100
AMP,2026-05-18T00:00:00Z,470.42999267578125,477.7799987792969,464.1099853515625,471.17999267578125,430000
AMT,2026-05-18T00:00:00Z,170.88999938964844,177.77999877929688,170.6300048828125,177.27999877929688,3242300
AMZN,2026-05-18T00:00:00Z,263.8699951171875,268.8500061035156,262.5299987792969,264.8599853515625,33690800
ANET,2026-05-18T00:00:00Z,143.02000427246094,143.6699981689453,138.63999938964844,141.7100067138672,8634500
AON,2026-05-18T00:00:00Z,317.510009765625,328.4800109863281,317.510009765625,326.57000732421875,1455600
AOS,2026-05-18T00:00:00Z,56.13999938964844,57.290000915527344,56.06999969482422,56.70000076293945,1592100
APA,2026-05-18T00:00:00Z,38.79999923706055,40.459999084472656,38.41999816894531,40.150001525878906,6924500
APD,2026-05-18T00:00:00Z,295.20001220703125,296.67999267578125,292.5,293.30999755859375,1133800
APH,2026-05-18T00:00:00Z,125.41000366210938,125.73999786376953,120.16000366210938,121.72000122070312,9889300
APO,2026-05-18T00:00:00Z,133.8800048828125,135.1300048828125,132.72999572753906,134.07000732421875,3400400
APP,2026-05-18T00:00:00Z,496.489990234375,515.3900146484375,484.7900085449219,492.3800048828125,4471600
APTV,2026-05-18T00:00:00Z,54.209999084472656,55.02000045776367,52.939998626708984,53.0099983215332,2894500
ARE,2026-05-18T00:00:00Z,45.400001525878906,46.72999954223633,45.150001525878906,46.68000030517578,1676400
ARES,2026-05-18T00:00:00Z,122.26000213623047,124.94999694824219,121.70500183105469,123.69999694824219,1560900
ATO,2026-05-18T00:00:00Z,177.72999572753906,179.80999755859375,176.99000549316406,178.52000427246094,1764600
AVB,2026-05-18T00:00:00Z,181.27000427246094,185.41000366210938,181.27000427246094,185.25,599600
AVGO,2026-05-18T00:00:00Z,421.4100036621094,422.010009765625,414.3699951171875,420.7099914550781,17863300
AVY,2026-05-18T00:00:00Z,156.50999450683594,159.27000427246094,156.11000061035156,156.83999633789062,548800
AWK,2026-05-18T00:00:00Z,125.13999938964844,126.62999725341797,123.5199966430664,124.83000183105469,1913600
AXON,2026-05-18T00:00:00Z,393.7200012207031,414.5,391.4800109863281,399.3699951171875,1073500
AXP,2026-05-18T00:00:00Z,314.2900085449219,315.6600036621094,310.3999938964844,312.239990234375,2274200
AZO,2026-05-18T00:00:00Z,3324.18994140625,3374.969970703125,3280.0,3365.739990234375,293200
BA,2026-05-18T00:00:00Z,220.47999572753906,221.1699981689453,216.7899932861328,220.61000061035156,6568200
BAC,2026-05-18T00:00:00Z,49.720001220703125,50.91999816894531,49.720001220703125,50.689998626708984,33404100
BALL,2026-05-18T00:00:00Z,55.939998626708984,56.61000061035156,55.5099983215332,55.79999923706055,2414800
BAX,2026-05-18T00:00:00Z,17.399999618530273,17.950000762939453,17.389999389648438,17.790000915527344,6251900
BBY,2026-05-18T00:00:00Z,56.47999954223633,58.38999938964844,56.099998474121094,57.880001068115234,4595200
BDX,2026-05-18T00:00:00Z,143.9499969482422,145.5800018310547,142.00999450683594,142.35000610351562,3814100
BEN,2026-05-18T00:00:00Z,31.940000534057617,32.310001373291016,31.770000457763672,31.969999313354492,3409700
BF-B,2026-05-18T00:00:00Z,26.3799991607666,26.739999771118164,26.170000076293945,26.25,2633500
BG,2026-05-18T00:00:00Z,123.5999984741211,125.05999755859375,120.69000244140625,124.63999938964844,1557300
BIIB,2026-05-18T00:00:00Z,191.25,193.3699951171875,189.19000244140625,191.91000366210938,1051300
BKNG,2026-05-18T00:00:00Z,155.63999938964844,156.8300018310547,153.1199951171875,155.07000732421875,6976300
BKR,2026-05-18T00:00:00Z,64.12000274658203,66.26000213623047,63.720001220703125,66.20999908447266,7541800
BLDR,2026-05-18T00:00:00Z,70.58999633789062,72.94999694824219,69.91000366210938,70.18000030517578,2173600
BLK,2026-05-18T00:00:00Z,1082.8199462890625,1098.0699462890625,1079.6600341796875,1085.8800048828125,458200
BMY,2026-05-18T00:00:00Z,57.45000076293945,58.5,57.08000183105469,57.310001373291016,11659300
BNY,2026-05-18T00:00:00Z,135.07000732421875,137.16000366210938,134.38999938964844,136.5800018310547,2512400
BR,2026-05-18T00:00:00Z,144.89999389648438,150.9600067138672,144.64999389648438,150.6199951171875,1753300
BRK-B,2026-05-18T00:00:00Z,481.1300048828125,489.3599853515625,481.0,488.3800048828125,5030700
BRO,2026-05-18T00:00:00Z,56.15999984741211,59.25,56.15999984741211,58.689998626708984,2855000
BSX,2026-05-18T00:00:00Z,53.560001373291016,56.33000183105469,53.45000076293945,55.91999816894531,16769100
BX,2026-05-18T00:00:00Z,117.0,118.91000366210938,116.0199966430664,117.04000091552734,5756600
BXP,2026-05-18T00:00:00Z,58.650001525878906,60.09000015258789,58.650001525878906,59.91999816894531,1429400
C,2026-05-18T00:00:00Z,123.30999755859375,124.44999694824219,121.80999755859375,122.41000366210938,8770600
CAG,2026-05-18T00:00:00Z,13.4399995803833,13.800000190734863,13.4399995803833,13.789999961853027,14183100
CAH,2026-05-18T00:00:00Z,195.32000732421875,201.8000030517578,195.32000732421875,199.77000427246094,2413900
CARR,2026-05-18T00:00:00Z,64.55999755859375,64.8499984741211,63.459999084472656,64.51000213623047,5492300
CASY,2026-05-18T00:00:00Z,863.1699829101562,868.9600219726562,851.4099731445312,855.8699951171875,371100
CAT,2026-05-18T00:00:00Z,893.3200073242188,893.3200073242188,850.8300170898438,863.9500122070312,2720500
CB,2026-05-18T00:00:00Z,324.4200134277344,331.44000244140625,324.1499938964844,330.3299865722656,1581300
CBOE,2026-05-18T00:00:00Z,358.0899963378906,370.32000732421875,358.0899963378906,366.2799987792969,645800
CBRE,2026-05-18T00:00:00Z,129.75999450683594,133.08999633789062,127.62000274658203,130.44000244140625,2718200
CCI,2026-05-18T00:00:00Z,86.66000366210938,90.05999755859375,86.66000366210938,89.91999816894531,3529300
CCL,2026-05-18T00:00:00Z,24.8799991607666,25.329999923706055,24.649999618530273,24.90999984741211,27417400
CDNS,2026-05-18T00:00:00Z,346.9100036621094,350.05999755859375,341.489990234375,345.989990234375,1903600
CDW,2026-05-18T00:00:00Z,102.19000244140625,104.87999725341797,102.18000030517578,104.04000091552734,1489500
CEG,2026-05-18T00:00:00Z,267.20001220703125,267.8699951171875,258.8999938964844,262.0,3435800
CF,2026-05-18T00:00:00Z,123.0,125.61000061035156,121.05000305175781,125.22000122070312,3119700
CFG,2026-05-18T00:00:00Z,61.04999923706055,61.63999938964844,60.8849983215332,61.15999984741211,3198700
CHD,2026-05-18T00:00:00Z,94.19000244140625,96.97000122070312,94.19000244140625,96.77999877929688,2728800
CHRW,2026-05-18T00:00:00Z,165.02000427246094,170.69000244140625,162.41000366210938,169.72000122070312,1800900
CHTR,2026-05-18T00:00:00Z,139.99000549316406,148.22999572753906,139.97000122070312,141.2100067138672,3631100
CI,2026-05-18T00:00:00Z,286.239990234375,290.32000732421875,283.739990234375,286.69000244140625,1375000
CIEN,2026-05-18T00:00:00Z,563.489990234375,567.0800170898438,516.6099853515625,524.530029296875,2502800
CINF,2026-05-18T00:00:00Z,166.4199981689453,169.27999877929688,166.4199981689453,167.64999389648438,646000
CL,2026-05-18T00:00:00Z,88.41000366210938,90.7300033569336,88.37000274658203,89.91999816894531,4650000
CLX,2026-05-18T00:00:00Z,90.31999969482422,93.37000274658203,90.31999969482422,92.81999969482422,2845400
CMCSA,2026-05-18T00:00:00Z,24.719999313354492,25.360000610351562,24.6200008392334,24.93000030517578,34687900
CME,2026-05-18T00:00:00Z,297.8699951171875,305.4599914550781,297.8699951171875,305.1199951171875,1913100
CMG,2026-05-18T00:00:00Z,32.40999984741211,33.7599983215332,32.40999984741211,33.75,13522100
CMI,2026-05-18T00:00:00Z,694.75,694.75,670.3599853515625,677.8699951171875,1034700
CMS,2026-05-18T00:00:00Z,72.22000122070312,72.7699966430664,71.8499984741211,72.12999725341797,2782100
CNC,2026-05-18T00:00:00Z,58.11000061035156,58.75,57.220001220703125,58.22999954223633,4429000
CNP,2026-05-18T00:00:00Z,41.779998779296875,42.06999969482422,41.20000076293945,41.720001220703125,5678500
COF,2026-05-18T00:00:00Z,186.27000427246094,188.83999633789062,186.1300048828125,187.1699981689453,3848100
COHR,2026-05-18T00:00:00Z,382.0,384.0,352.8500061035156,362.8299865722656,6342100
COIN,2026-05-18T00:00:00Z,190.25,194.1999969482422,184.14999389648438,189.44000244140625,10399800
COO,2026-05-18T00:00:00Z,59.7400016784668,61.33000183105469,59.619998931884766,60.939998626708984,2728700
COP,2026-05-18T00:00:00Z,122.0,125.1500015258789,120.38999938964844,124.54000091552734,5805200
COR,2026-05-18T00:00:00Z,257.0,262.989990234375,255.07000732421875,261.8699951171875,1975500
COST,2026-05-18T00:00:00Z,1050.0,1079.8299560546875,1045.0,1076.469970703125,2295200
CPAY,2026-05-18T00:00:00Z,328.239990234375,348.7099914550781,327.45001220703125,348.5,742000
CPB,2026-05-18T00:00:00Z,19.899999618530273,20.389999389648438,19.84000015258789,20.34000015258789,5896500
CPRT,2026-05-18T00:00:00Z,32.349998474121094,33.66999816894531,32.349998474121094,33.439998626708984,11513300
CPT,2026-05-18T00:00:00Z,102.94000244140625,104.7300033569336,102.77999877929688,104.61000061035156,834400
CRH,2026-05-18T00:00:00Z,103.55999755859375,104.31999969482422,102.41999816894531,103.38999938964844,5401300
CRL,2026-05-18T00:00:00Z,152.1999969482422,157.5500030517578,149.4199981689453,149.92999267578125,1628600
CRM,2026-05-18T00:00:00Z,172.88999938964844,180.77999877929688,171.8000030517578,179.47999572753906,13671200
CRWD,2026-05-18T00:00:00Z,589.4949951171875,621.0499877929688,587.3699951171875,618.8300170898438,4699800
CSCO,2026-05-18T00:00:00Z,118.80000305175781,119.38999938964844,116.02999877929688,118.87999725341797,24763500
CSGP,2026-05-18T00:00:00Z,32.72999954223633,34.34000015258789,32.41999816894531,33.20000076293945,10165100
CSX,2026-05-18T00:00:00Z,45.7599983215332,46.310001373291016,45.689998626708984,46.20000076293945,7560500
CTAS,2026-05-18T00:00:00Z,168.35000610351562,175.13999938964844,168.35000610351562,174.50999450683594,2192200
CTSH,2026-05-18T00:00:00Z,47.959999084472656,51.5,47.310001373291016,51.400001525878906,15305800
CTVA,2026-05-18T00:00:00Z,82.08000183105469,82.58000183105469,81.05999755859375,81.08000183105469,2747600
CVNA,2026-05-18T00:00:00Z,67.30000305175781,68.65299987792969,65.73100280761719,66.0199966430664,9426800
CVS,2026-05-18T00:00:00Z,95.69999694824219,96.44999694824219,94.87999725341797,95.98999786376953,7208400
CVX,2026-05-18T00:00:00Z,191.1699981689453,196.1999969482422,189.02999877929688,196.1199951171875,9869700
D,2026-05-18T00:00:00Z,68.63999938964844,68.97000122070312,66.44999694824219,67.55999755859375,40094600
DAL,2026-05-18T00:00:00Z,71.05999755859375,72.52999877929688,69.4800033569336,70.23999786376953,6781900
DASH,2026-05-18T00:00:00Z,157.75,163.97000122070312,157.36500549316406,162.6699981689453,4790400
DD,2026-05-18T00:00:00Z,49.470001220703125,49.70000076293945,48.54999923706055,48.63999938964844,4636300
DDOG,2026-05-18T00:00:00Z,205.13999938964844,210.8249969482422,203.1999969482422,208.82000732421875,5553100
DE,2026-05-18T00:00:00Z,564.1099853515625,568.0,557.4099731445312,564.489990234375,848400
DECK,2026-05-18T00:00:00Z,93.61000061035156,96.80000305175781,93.27999877929688,94.61000061035156,2545200
DELL,2026-05-18T00:00:00Z,244.60000610351562,244.9499969482422,232.1999969482422,238.02999877929688,5132600
DG,2026-05-18T00:00:00Z,101.91999816894531,106.47000122070312,100.41999816894531,106.2300033569336,5083000
DGX,2026-05-18T00:00:00Z,187.63999938964844,191.16000366210938,187.25,189.83999633789062,926100
DHI,2026-05-18T00:00:00Z,136.80999755859375,139.9499969482422,135.8000030517578,137.49000549316406,2346100
DHR,2026-05-18T00:00:00Z,161.8300018310547,164.5500030517578,161.22999572753906,163.86000061035156,4955100
DIS,2026-05-18T00:00:00Z,102.69000244140625,104.69999694824219,102.55000305175781,103.91000366210938,9037200
DLR,2026-05-18T00:00:00Z,189.82000732421875,190.0,184.9499969482422,188.5,1810100
DLTR,2026-05-18T00:00:00Z,89.04000091552734,93.11000061035156,87.72000122070312,91.2300033569336,2947100
DOC,2026-05-18T00:00:00Z,19.34000015258789,19.690000534057617,19.309999465942383,19.489999771118164,7122400
DOV,2026-05-18T00:00:00Z,210.9499969482422,212.1199951171875,209.1999969482422,210.8300018310547,654100
DOW,2026-05-18T00:00:00Z,38.470001220703125,38.808998107910156,37.8849983215332,38.560001373291016,8719400
DPZ,2026-05-18T00:00:00Z,300.8500061035156,308.8699951171875,297.4800109863281,308.0,876100
DRI,2026-05-18T00:00:00Z,193.92999267578125,195.30999755859375,191.7899932861328,193.75,1054600
DTE,2026-05-18T00:00:00Z,141.08999633789062,142.60000610351562,140.5,141.35000610351562,2140300
DUK,2026-05-18T00:00:00Z,121.80000305175781,122.94999694824219,121.19999694824219,122.83999633789062,2865500
DVA,2026-05-18T00:00:00Z,199.39999389648438,202.0,198.75999450683594,199.52000427246094,893000
DVN,2026-05-18T00:00:00Z,49.0099983215332,50.13999938964844,48.31999969482422,49.68000030517578,15396100
DXCM,2026-05-18T00:00:00Z,61.790000915527344,65.16999816894531,61.540000915527344,65.08999633789062,13510500
EA,2026-05-18T00:00:00Z,200.14999389648438,201.57000732421875,200.0,201.0500030517578,2291800
EBAY,2026-05-18T00:00:00Z,115.61000061035156,116.37999725341797,113.9800033569336,114.43000030517578,5017100
ECL,2026-05-18T00:00:00Z,248.36000061035156,251.35000610351562,246.9499969482422,249.2100067138672,1542000
ED,2026-05-18T00:00:00Z,106.16000366210938,107.62000274658203,105.5999984741211,106.51000213623047,3061500
EFX,2026-05-18T00:00:00Z,158.72000122070312,167.47999572753906,158.5500030517578,164.22999572753906,1389500
EG,2026-05-18T00:00:00Z,351.3599853515625,360.2900085449219,351.32000732421875,355.82000732421875,370700
EIX,2026-05-18T00:00:00Z,69.38999938964844,70.08000183105469,65.0199966430664,68.44000244140625,6183800
EL,2026-05-18T00:00:00Z,80.16000366210938,82.30000305175781,79.72000122070312,80.01000213623047,1895200
ELV,2026-05-18T00:00:00Z,390.0,394.8800048828125,385.04998779296875,394.07000732421875,1508400
EME,2026-05-18T00:00:00Z,909.1799926757812,911.1799926757812,869.7999877929688,877.1900024414062,487400
EMR,2026-05-18T00:00:00Z,132.67999267578125,133.25999450683594,130.9499969482422,132.22000122070312,2107200
EOG,2026-05-18T00:00:00Z,138.94000244140625,144.0,138.1999969482422,142.99000549316406,3156300
EPAM,2026-05-18T00:00:00Z,93.62999725341797,100.44999694824219,91.23999786376953,100.44000244140625,3527000
EQIX,2026-05-18T00:00:00Z,1060.2900390625,1065.510009765625,1047.75,1062.6199951171875,423200
EQR,2026-05-18T00:00:00Z,63.9900016784668,65.47000122070312,63.9900016784668,65.43000030517578,1820600
EQT,2026-05-18T00:00:00Z,56.349998474121094,57.77000045776367,56.09000015258789,57.45000076293945,6065600
ERIE,2026-05-18T00:00:00Z,212.6699981689453,221.63999938964844,212.64999389648438,221.50999450683594,179900
ES,2026-05-18T00:00:00Z,67.0199966430664,68.12000274658203,67.0,68.08000183105469,1986200
ESS,2026-05-18T00:00:00Z,268.30999755859375,273.9200134277344,268.30999755859375,272.239990234375,532200
ETN,2026-05-18T00:00:00Z,398.2099914550781,398.2099914550781,375.55999755859375,381.8699951171875,2862900
ETR,2026-05-18T00:00:00Z,109.79000091552734,110.48999786376953,108.27999877929688,109.58000183105469,4326200
EVRG,2026-05-18T00:00:00Z,81.26000213623047,82.05000305175781,80.93000030517578,81.95999908447266,2125200
EW,2026-05-18T00:00:00Z,81.13999938964844,82.87999725341797,80.56999969482422,82.38999938964844,4180200
EXC,2026-05-18T00:00:00Z,43.560001373291016,44.16999816894531,43.560001373291016,43.970001220703125,7059100
EXE,2026-05-18T00:00:00Z,97.0,98.81500244140625,96.30000305175781,98.44999694824219,2192300
EXPD,2026-05-18T00:00:00Z,155.97000122070312,157.30999755859375,154.52999877929688,156.77000427246094,651200
EXPE,2026-05-18T00:00:00Z,215.5399932861328,221.32000732421875,213.52000427246094,214.99000549316406,1592100
EXR,2026-05-18T00:00:00Z,137.88999938964844,139.6699981689453,136.6999969482422,139.27000427246094,908600
F,2026-05-18T00:00:00Z,13.989999771118164,13.989999771118164,13.020000457763672,13.029999732971191,69708800
FANG,2026-05-18T00:00:00Z,202.85000610351562,206.9199981689453,199.5,205.6199951171875,1538100
FAST,2026-05-18T00:00:00Z,43.43000030517578,44.25,43.36000061035156,44.0,6296200
FCX,2026-05-18T00:00:00Z,62.349998474121094,63.459999084472656,59.709999084472656,60.5,14798200
FDS,2026-05-18T00:00:00Z,212.38999938964844,227.7100067138672,212.38999938964844,224.35000610351562,1053900
FDX,2026-05-18T00:00:00Z,374.510009765625,375.5,367.1099853515625,369.7200012207031,1417900
FE,2026-05-18T00:00:00Z,44.33000183105469,44.470001220703125,44.040000915527344,44.31999969482422,4273700
FFIV,2026-05-18T00:00:00Z,375.3399963378906,385.0,370.739990234375,379.739990234375,827300
FICO,2026-05-18T00:00:00Z,1094.2099609375,1185.1600341796875,1094.2099609375,1181.8199462890625,429200
FIS,2026-05-18T00:00:00Z,41.77000045776367,43.40999984741211,41.70000076293945,43.369998931884766,8768500
FISV,2026-05-18T00:00:00Z,55.310001373291016,57.4900016784668,55.25,56.65999984741211,8388300
FITB,2026-05-18T00:00:00Z,47.5099983215332,48.20000076293945,47.400001525878906,47.939998626708984,6769000
FIX,2026-05-18T00:00:00Z,1987.1400146484375,1987.1400146484375,1833.8900146484375,1854.4300537109375,582100
FOX,2026-05-18T00:00:00Z,58.209999084472656,59.040000915527344,57.849998474121094,58.9900016784668,637800
FOXA,2026-05-18T00:00:00Z,64.6500015258789,65.91500091552734,64.5999984741211,65.87000274658203,2308500
FRT,2026-05-18T00:00:00Z,115.0,115.27999877929688,114.12999725341797,114.93000030517578,725600
FSLR,2026-05-18T00:00:00Z,234.57000732421875,234.89999389648438,227.67999267578125,233.63999938964844,2002200
FTNT,2026-05-18T00:00:00Z,121.69000244140625,126.61000061035156,120.87000274658203,126.5,5624900
FTV,2026-05-18T00:00:00Z,58.939998626708984,59.53499984741211,58.71500015258789,59.0099983215332,2340400
GD,2026-05-18T00:00:00Z,335.05999755859375,343.4599914550781,334.010009765625,343.1099853515625,984800
GDDY,2026-05-18T00:00:00Z,86.51000213623047,91.69000244140625,86.51000213623047,91.38999938964844,1933700
GE,2026-05-18T00:00:00Z,283.3900146484375,287.239990234375,282.0400085449219,285.989990234375,4696200
GEHC,2026-05-18T00:00:00Z,60.9900016784668,62.560001373291016,60.86000061035156,61.5099983215332,4998100
GEN,2026-05-18T00:00:00Z,23.200000762939453,24.450000762939453,23.18000030517578,24.34000015258789,7973700
GEV,2026-05-18T00:00:00Z,1049.0,1049.3299560546875,980.1400146484375,1012.25,3116500
GILD,2026-05-18T00:00:00Z,130.14999389648438,131.0500030517578,129.22000122070312,129.6699981689453,5182200
GIS,2026-05-18T00:00:00Z,32.810001373291016,33.4900016784668,32.790000915527344,33.45000076293945,10506100
GL,2026-05-18T00:00:00Z,155.69000244140625,157.8300018310547,155.0399932861328,157.35000610351562,501600
GLW,2026-05-18T00:00:00Z,193.24000549316406,193.66000366210938,174.2100067138672,178.5500030517578,16929200
GM,2026-05-18T00:00:00Z,74.81999969482422,74.9800033569336,73.08999633789062,73.0999984741211,5651700
GNRC,2026-05-18T00:00:00Z,266.010009765625,266.19000244140625,248.27999877929688,253.0500030517578,882800
GOOG,2026-05-18T00:00:00Z,392.125,404.4700012207031,390.8999938964844,393.1099853515625,18592800
GOOGL,2026-05-18T00:00:00Z,395.69000244140625,408.6099853515625,394.5299987792969,396.94000244140625,26837200
GPC,2026-05-18T00:00:00Z,93.30999755859375,94.26000213623047,92.11000061035156,93.16999816894531,2060800
GPN,2026-05-18T00:00:00Z,67.43000030517578,69.9000015258789,67.30000305175781,68.66999816894531,2866200
GRMN,2026-05-18T00:00:00Z,225.8699951171875,228.3300018310547,225.0,226.88999938964844,729000
GS,2026-05-18T00:00:00Z,947.739990234375,961.6900024414062,938.5499877929688,946.3599853515625,1508000
GWW,2026-05-18T00:00:00Z,1272.3399658203125,1275.68994140625,1252.77001953125,1265.030029296875,219600
HAL,2026-05-18T00:00:00Z,41.540000915527344,42.93000030517578,41.08000183105469,42.779998779296875,12099000
HAS,2026-05-18T00:00:00Z,95.9000015258789,96.70999908447266,93.37999725341797,93.72000122070312,2119700
HBAN,2026-05-18T00:00:00Z,15.460000038146973,15.640000343322754,15.390000343322754,15.569999694824219,16670700
HCA,2026-05-18T00:00:00Z,424.82000732421875,430.8800048828125,422.1400146484375,422.7900085449219,1423600
HD,2026-05-18T00:00:00Z,299.25,303.7799987792969,297.29998779296875,299.80999755859375,6366100
HIG,2026-05-18T00:00:00Z,133.8800048828125,136.9199981689453,133.36000061035156,136.55999755859375,1638100
HII,2026-05-18T00:00:00Z,330.1700134277344,331.6400146484375,325.0,329.3500061035156,305400
HLT,2026-05-18T00:00:00Z,314.989990234375,322.8800048828125,314.9800109863281,318.1400146484375,1194100
HON,2026-05-18T00:00:00Z,214.11000061035156,218.85000610351562,213.02000427246094,217.22999572753906,5846700
HOOD,2026-05-18T00:00:00Z,76.0,79.91999816894531,75.47000122070312,77.1500015258789,20209400
HPE,2026-05-18T00:00:00Z,33.58000183105469,33.83000183105469,32.31999969482422,33.0,16653100
HPQ,2026-05-18T00:00:00Z,20.950000762939453,21.200000762939453,20.6299991607666,20.920000076293945,9497800
HRL,2026-05-18T00:00:00Z,19.760000228881836,20.40999984741211,19.719999313354492,20.3799991607666,5094300
HSIC,2026-05-18T00:00:00Z,72.91000366210938,73.98999786376953,72.25,72.69000244140625,1347900
HST,2026-05-18T00:00:00Z,21.469999313354492,22.049999237060547,21.469999313354492,21.8700008392334,9234300
HSY,2026-05-18T00:00:00Z,186.25,191.8699951171875,186.25,191.72999572753906,1678200
HUBB,2026-05-18T00:00:00Z,479.2300109863281,480.6650085449219,466.2699890136719,470.8699951171875,572213
HUM,2026-05-18T00:00:00Z,300.5400085449219,306.55999755859375,293.3599853515625,306.0,1744700
HWM,2026-05-18T00:00:00Z,260.0,263.82000732421875,255.7899932861328,256.989990234375,1760200
IBKR,2026-05-18T00:00:00Z,86.75,87.98999786376953,85.0999984741211,86.12000274658203,4261600
IBM,2026-05-18T00:00:00Z,218.5500030517578,223.3300018310547,217.75,222.75,5946400
ICE,2026-05-18T00:00:00Z,154.3300018310547,157.17999267578125,153.63999938964844,155.99000549316406,3265400
IDXX,2026-05-18T00:00:00Z,532.1599731445312,551.0800170898438,531.7000122070312,545.7899780273438,644900
IEX,2026-05-18T00:00:00Z,208.67999267578125,209.60000610351562,207.44000244140625,208.6300048828125,489400
IFF,2026-05-18T00:00:00Z,72.76000213623047,75.12999725341797,72.72000122070312,73.69999694824219,1580700
INCY,2026-05-18T00:00:00Z,95.4800033569336,96.5999984741211,94.62999725341797,95.19000244140625,1020900
INTC,2026-05-18T00:00:00Z,113.47000122070312,115.54000091552734,103.8499984741211,108.16999816894531,145764000
INTU,2026-05-18T00:00:00Z,391.8299865722656,407.760009765625,387.5199890136719,403.1600036621094,2637200
INVH,2026-05-18T00:00:00Z,28.170000076293945,28.834999084472656,28.170000076293945,28.75,5734000
IP,2026-05-18T00:00:00Z,30.450000762939453,31.09000015258789,30.329999923706055,30.399999618530273,5747000
IQV,2026-05-18T00:00:00Z,169.19000244140625,174.97000122070312,169.19000244140625,172.80999755859375,1200300
IR,2026-05-18T00:00:00Z,70.52999877929688,71.125,69.62999725341797,69.97000122070312,3167600
IRM,2026-05-18T00:00:00Z,125.87000274658203,126.33999633789062,122.86000061035156,123.95999908447266,1032700
ISRG,2026-05-18T00:00:00Z,421.9599914550781,440.6099853515625,421.9599914550781,439.9200134277344,2119600
IT,2026-05-18T00:00:00Z,146.8800048828125,157.0,145.72000122070312,155.42999267578125,1545300
ITW,2026-05-18T00:00:00Z,248.5800018310547,250.97000122070312,246.36000061035156,249.4600067138672,1924700
IVZ,2026-05-18T00:00:00Z,27.170000076293945,27.600000381469727,27.010000228881836,27.389999389648438,2694000
J,2026-05-18T00:00:00Z,110.94000244140625,114.94000244140625,110.91999816894531,113.61000061035156,1226200
JBHT,2026-05-18T00:00:00Z,260.8699951171875,264.2200012207031,259.6199951171875,261.4599914550781,930900
JBL,2026-05-18T00:00:00Z,340.2900085449219,342.8599853515625,332.5199890136719,338.7300109863281,1445500
JCI,2026-05-18T00:00:00Z,142.8300018310547,142.8300018310547,137.13999938964844,137.30999755859375,4698300
JKHY,2026-05-18T00:00:00Z,136.30999755859375,140.22999572753906,134.7100067138672,139.11000061035156,1959600
JNJ,2026-05-18T00:00:00Z,226.7100067138672,229.6999969482422,225.86000061035156,228.9199981689453,10141600
JPM,2026-05-18T00:00:00Z,298.0,301.260009765625,297.2200012207031,300.7300109863281,7546300
KDP,2026-05-18T00:00:00Z,29.020000457763672,29.5,28.950000762939453,29.43000030517578,8734900
KEY,2026-05-18T00:00:00Z,21.059999465942383,21.239999771118164,21.010000228881836,21.06999969482422,11365300
KEYS,2026-05-18T00:00:00Z,353.5,354.989990234375,336.760009765625,340.4800109863281,2321300
KHC,2026-05-18T00:00:00Z,22.959999084472656,23.399999618530273,22.81999969482422,23.350000381469727,20072400
KIM,2026-05-18T00:00:00Z,23.15999984741211,23.5,23.15999984741211,23.469999313354492,3457900
KKR,2026-05-18T00:00:00Z,96.43000030517578,98.69999694824219,95.36000061035156,95.97000122070312,3582100
KLAC,2026-05-18T00:00:00Z,1820.8800048828125,1833.25,1736.219970703125,1756.449951171875,946900
KMB,2026-05-18T00:00:00Z,96.0,97.97000122070312,95.9000015258789,96.54000091552734,4677200
KMI,2026-05-18T00:00:00Z,33.689998626708984,33.83000183105469,33.34000015258789,33.779998779296875,8033900
KO,2026-05-18T00:00:00Z,80.87000274658203,81.38999938964844,80.38999938964844,81.19999694824219,12375500
KR,2026-05-18T00:00:00Z,66.13999938964844,68.37000274658203,65.79000091552734,68.31999969482422,4755900
KVUE,2026-05-18T00:00:00Z,17.149999618530273,17.415000915527344,17.100000381469727,17.18000030517578,20267500
L,2026-05-18T00:00:00Z,106.5,108.5999984741211,106.41999816894531,108.01000213623047,625500
LDOS,2026-05-18T00:00:00Z,123.33999633789062,125.93000030517578,122.63999938964844,124.83999633789062,1284900
LEN,2026-05-18T00:00:00Z,83.0,85.41999816894531,82.7300033569336,83.81999969482422,3383400
LH,2026-05-18T00:00:00Z,250.8300018310547,257.0799865722656,250.0,255.57000732421875,466000
LHX,2026-05-18T00:00:00Z,303.989990234375,311.30999755859375,303.1199951171875,311.1600036621094,1135500
LII,2026-05-18T00:00:00Z,500.19000244140625,503.4100036621094,491.6300048828125,501.4100036621094,424200
LIN,2026-05-18T00:00:00Z,506.4200134277344,514.1300048828125,504.6499938964844,510.8599853515625,1881300
LITE,2026-05-18T00:00:00Z,953.2949829101562,954.260009765625,857.0,884.97998046875,7197500
LLY,2026-05-18T00:00:00Z,1000.6099853515625,1003.0,978.8699951171875,988.0900268554688,2016000
LMT,2026-05-18T00:00:00Z,517.8099975585938,528.3900146484375,512.760009765625,528.3099975585938,1382800
LNT,2026-05-18T00:00:00Z,71.4800033569336,72.1500015258789,71.19999694824219,72.08999633789062,2114200
LOW,2026-05-18T00:00:00Z,218.4199981689453,222.64999389648438,217.3300018310547,218.02000427246094,3713800
LRCX,2026-05-18T00:00:00Z,292.739990234375,294.55999755859375,273.0799865722656,277.9599914550781,8562200
LULU,2026-05-18T00:00:00Z,118.70999908447266,121.80000305175781,118.37999725341797,120.26000213623047,3309700
LUV,2026-05-18T00:00:00Z,38.619998931884766,39.66999816894531,38.099998474121094,38.36000061035156,7500200
LVS,2026-05-18T00:00:00Z,51.189998626708984,51.65999984741211,50.16999816894531,50.189998626708984,3975100
LYB,2026-05-18T00:00:00Z,74.3499984741211,74.44000244140625,72.12000274658203,74.12999725341797,4163100
LYV,2026-05-18T00:00:00Z,168.75,170.8300018310547,167.05999755859375,167.49000549316406,1443000
MA,2026-05-18T00:00:00Z,491.489990234375,506.2300109863281,490.95001220703125,505.7900085449219,4076600
MAA,2026-05-18T00:00:00Z,126.16999816894531,128.38999938964844,125.94000244140625,128.25,680800
MAR,2026-05-18T00:00:00Z,354.6600036621094,363.7900085449219,352.95001220703125,359.17999267578125,1410100
MAS,2026-05-18T00:00:00Z,65.55000305175781,66.52999877929688,65.33000183105469,65.52999877929688,1869400
MCD,2026-05-18T00:00:00Z,275.82000732421875,282.79998779296875,275.1499938964844,282.4700012207031,3969300
MCHP,2026-05-18T00:00:00Z,95.81999969482422,95.81999969482422,91.12999725341797,92.76000213623047,10149000
MCK,2026-05-18T00:00:00Z,757.25,777.3499755859375,756.239990234375,775.969970703125,1199300
MCO,2026-05-18T00:00:00Z,427.010009765625,443.6099853515625,427.010009765625,443.4100036621094,1107400
MDLZ,2026-05-18T00:00:00Z,60.5099983215332,61.849998474121094,60.45000076293945,61.63999938964844,6207100
MDT,2026-05-18T00:00:00Z,76.30000305175781,77.55000305175781,76.02999877929688,77.31999969482422,10973300
MET,2026-05-18T00:00:00Z,79.69999694824219,81.48999786376953,79.4800033569336,81.41000366210938,3877800
META,2026-05-18T00:00:00Z,609.1099853515625,615.5900268554688,603.6900024414062,611.2100219726562,13772400
MGM,2026-05-18T00:00:00Z,37.22999954223633,37.52000045776367,36.7400016784668,37.09000015258789,3687300
MKC,2026-05-18T00:00:00Z,46.470001220703125,47.34000015258789,46.34000015258789,46.70000076293945,3772700
MLM,2026-05-18T00:00:00Z,557.8400268554688,563.22998046875,555.0800170898438,555.780029296875,572100
MMM,2026-05-18T00:00:00Z,146.60000610351562,152.69000244140625,146.5,152.52999877929688,5520500
MNST,2026-05-18T00:00:00Z,87.48999786376953,88.66000366210938,86.86000061035156,88.54000091552734,4806300
MO,2026-05-18T00:00:00Z,73.23999786376953,73.76000213623047,72.69999694824219,73.72000122070312,6040100
MOS,2026-05-18T00:00:00Z,21.719999313354492,21.899999618530273,21.110000610351562,21.40999984741211,8860100
MPC,2026-05-18T00:00:00Z,252.0500030517578,261.0400085449219,249.49000549316406,259.5299987792969,2032300
MPWR,2026-05-18T00:00:00Z,1563.280029296875,1579.989990234375,1458.43994140625,1486.3299560546875,806900
MRK,2026-05-18T00:00:00Z,111.43000030517578,112.88999938964844,110.97000122070312,112.55999755859375,8047200
MRNA,2026-05-18T00:00:00Z,49.97999954223633,50.5,47.63999938964844,48.11000061035156,5028700
MRSH,2026-05-18T00:00:00Z,161.24000549316406,166.0800018310547,161.24000549316406,165.97999572753906,2415200
MS,2026-05-18T00:00:00Z,192.6199951171875,194.80999755859375,191.13999938964844,192.69000244140625,3770200
MSCI,2026-05-18T00:00:00Z,561.9500122070312,585.1300048828125,561.9500122070312,584.1300048828125,558100
MSFT,2026-05-18T00:00:00Z,416.6199951171875,425.1199951171875,415.6099853515625,423.5400085449219,32564100
MSI,2026-05-18T00:00:00Z,397.3500061035156,411.010009765625,395.20001220703125,410.2699890136719,1971100
MTB,2026-05-18T00:00:00Z,205.5399932861328,207.4600067138672,205.25999450683594,206.27000427246094,800900
MTD,2026-05-18T00:00:00Z,1036.5699462890625,1079.68994140625,1031.1500244140625,1074.8399658203125,261500
MU,2026-05-18T00:00:00Z,750.4600219726562,757.0,663.25,681.5399780273438,60042500
NCLH,2026-05-18T00:00:00Z,15.710000038146973,15.819999694824219,15.15999984741211,15.260000228881836,20961100
NDAQ,2026-05-18T00:00:00Z,90.79000091552734,93.16000366210938,90.79000091552734,92.5999984741211,2462800
NDSN,2026-05-18T00:00:00Z,275.8999938964844,277.5299987792969,274.6400146484375,276.760009765625,323100
NEE,2026-05-18T00:00:00Z,91.12000274658203,91.5999984741211,86.62999725341797,89.04000091552734,39950600
NEM,2026-05-18T00:00:00Z,108.81999969482422,111.81999969482422,108.72000122070312,109.8499984741211,7727600
NFLX,2026-05-18T00:00:00Z,86.5,89.81999969482422,86.33000183105469,89.6500015258789,35800500
NI,2026-05-18T00:00:00Z,46.70000076293945,46.9900016784668,46.209999084472656,46.54999923706055,3829400
NKE,2026-05-18T00:00:00Z,41.880001068115234,42.75,41.349998474121094,42.56999969482422,18694900
NOC,2026-05-18T00:00:00Z,540.0,552.75,539.0,550.0,1286200
NOW,2026-05-18T00:00:00Z,98.86000061035156,104.68000030517578,97.8499984741211,103.41999816894531,51220700
NRG,2026-05-18T00:00:00Z,127.36000061035156,127.88999938964844,124.16000366210938,125.5,2506600
NSC,2026-05-18T00:00:00Z,317.4200134277344,320.8999938964844,316.1300048828125,320.0799865722656,1523600
NTAP,2026-05-18T00:00:00Z,119.91000366210938,122.0999984741211,118.5,120.5999984741211,2744000
NTRS,2026-05-18T00:00:00Z,163.86000061035156,165.9199981689453,163.5800018310547,165.27000427246094,828500
NUE,2026-05-18T00:00:00Z,226.6199951171875,227.64999389648438,223.0399932861328,226.47999572753906,1350600
NVDA,2026-05-18T00:00:00Z,229.8699951171875,230.0,218.3699951171875,222.32000732421875,146280900
NVR,2026-05-18T00:00:00Z,5602.0,5735.27001953125,5579.990234375,5716.77978515625,26400
NWS,2026-05-18T00:00:00Z,29.989999771118164,30.270000457763672,29.799999237060547,30.229999542236328,1518700
NWSA,2026-05-18T00:00:00Z,25.940000534057617,26.350000381469727,25.940000534057617,26.270000457763672,3185100
NXPI,2026-05-18T00:00:00Z,298.010009765625,298.8599853515625,287.3599853515625,291.67999267578125,3456900
O,2026-05-18T00:00:00Z,61.45000076293945,61.72999954223633,61.34000015258789,61.709999084472656,5333300
ODFL,2026-05-18T00:00:00Z,203.22999572753906,206.13999938964844,201.3000030517578,204.1300048828125,1171600
OKE,2026-05-18T00:00:00Z,92.2300033569336,93.83000183105469,91.25,93.76000213623047,2527300
OMC,2026-05-18T00:00:00Z,71.4000015258789,74.0999984741211,70.91999816894531,73.13999938964844,3734800
ON,2026-05-18T00:00:00Z,114.19000244140625,115.66999816894531,106.4000015258789,109.43000030517578,12432400
ORCL,2026-05-18T00:00:00Z,190.0,190.75999450683594,183.27000427246094,186.61000061035156,19114300
ORLY,2026-05-18T00:00:00Z,88.81999969482422,91.80999755859375,88.6500015258789,91.73999786376953,6261600
OTIS,2026-05-18T00:00:00Z,71.1500015258789,71.7760009765625,70.76000213623047,71.12999725341797,4180200
OXY,2026-05-18T00:00:00Z,58.900001525878906,60.25,58.31999969482422,59.70000076293945,12276300
PANW,2026-05-18T00:00:00Z,238.91000366210938,248.85000610351562,235.80999755859375,247.5500030517578,8734900
PAYX,2026-05-18T00:00:00Z,91.37999725341797,94.7300033569336,90.76000213623047,94.48999786376953,3035400
PCAR,2026-05-18T00:00:00Z,110.9000015258789,111.83999633789062,109.5,111.68000030517578,2863900
PCG,2026-05-18T00:00:00Z,16.219999313354492,16.440000534057617,15.279999732971191,15.850000381469727,42156800
PEG,2026-05-18T00:00:00Z,76.8499984741211,77.44000244140625,76.05000305175781,76.83999633789062,2477000
PEP,2026-05-18T00:00:00Z,149.99000549316406,150.1199951171875,147.47999572753906,149.05999755859375,8799400
PFE,2026-05-18T00:00:00Z,25.31999969482422,25.389999389648438,25.190000534057617,25.329999923706055,34111300
PFG,2026-05-18T00:00:00Z,100.48999786376953,102.44999694824219,99.98999786376953,102.4000015258789,1179800
PG,2026-05-18T00:00:00Z,142.10000610351562,144.42999267578125,141.6300048828125,142.38999938964844,7731200
PGR,2026-05-18T00:00:00Z,199.1999969482422,204.02999877929688,198.91000366210938,204.0,2414100
PH,2026-05-18T00:00:00Z,860.280029296875,865.469970703125,853.4000244140625,858.4299926757812,583800
PHM,2026-05-18T00:00:00Z,111.23999786376953,113.81999969482422,110.94999694824219,111.77999877929688,1946800
PKG,2026-05-18T00:00:00Z,212.38999938964844,214.44000244140625,210.69000244140625,210.69000244140625,473800
PLD,2026-05-18T00:00:00Z,141.1199951171875,142.8300018310547,141.0,142.30999755859375,2980200
PLTR,2026-05-18T00:00:00Z,132.5,135.93499755859375,131.3300018310547,135.13999938964844,32034600
PM,2026-05-18T00:00:00Z,189.42999267578125,191.97999572753906,186.97000122070312,191.5,3770900
PNC,2026-05-18T00:00:00Z,213.57000732421875,215.72000122070312,212.99000549316406,213.72000122070312,1452900
PNR,2026-05-18T00:00:00Z,72.63999938964844,73.51000213623047,72.20999908447266,73.41000366210938,2015900
PNW,2026-05-18T00:00:00Z,99.18000030517578,100.3499984741211,98.77999877929688,99.76000213623047,2032500
PODD,2026-05-18T00:00:00Z,146.91000366210938,154.05999755859375,145.72999572753906,152.49000549316406,1563700
POOL,2026-05-18T00:00:00Z,175.33999633789062,181.83999633789062,172.67999267578125,181.38999938964844,1275800
PPG,2026-05-18T00:00:00Z,102.6500015258789,105.16000366210938,102.33000183105469,103.66000366210938,1500000
PPL,2026-05-18T00:00:00Z,35.220001220703125,35.459999084472656,34.7400016784668,34.93000030517578,9955700
PRU,2026-05-18T00:00:00Z,101.94000244140625,103.38999938964844,101.79000091552734,102.9800033569336,1574500
PSA,2026-05-18T00:00:00Z,292.7300109863281,297.1700134277344,292.7300109863281,296.1499938964844,655400
PSKY,2026-05-18T00:00:00Z,9.899999618530273,10.010000228881836,9.760000228881836,9.819999694824219,7559500
PSX,2026-05-18T00:00:00Z,173.49000549316406,180.07000732421875,171.83999633789062,179.8000030517578,1984000
PTC,2026-05-18T00:00:00Z,140.94000244140625,145.0,140.75,144.05999755859375,1072200
PWR,2026-05-18T00:00:00Z,768.0800170898438,768.0800170898438,721.8800048828125,723.030029296875,1768400
PYPL,2026-05-18T00:00:00Z,44.27000045776367,45.23500061035156,44.220001220703125,44.3849983215332,9478900
Q,2026-05-18T00:00:00Z,157.97999572753906,158.00999450683594,145.57000732421875,149.02999877929688,2181100
QCOM,2026-05-18T00:00:00Z,206.77000427246094,210.8000030517578,193.5800018310547,203.63999938964844,21082500
RCL,2026-05-18T00:00:00Z,261.489990234375,263.9599914550781,251.6999969482422,252.58999633789062,2637900
REG,2026-05-18T00:00:00Z,76.31999969482422,77.55000305175781,76.31999969482422,77.33000183105469,949800
REGN,2026-05-18T00:00:00Z,615.9299926757812,633.0,610.5999755859375,629.6799926757812,2996600
RF,2026-05-18T00:00:00Z,26.670000076293945,27.149999618530273,26.3799991607666,26.969999313354492,9952700
RJF,2026-05-18T00:00:00Z,153.80999755859375,156.97999572753906,153.22000122070312,154.4600067138672,1069600
RL,2026-05-18T00:00:00Z,326.57000732421875,333.25,324.5299987792969,325.8699951171875,878000
RMD,2026-05-18T00:00:00Z,200.5399932861328,205.49000549316406,200.25,204.14999389648438,1033700
ROK,2026-05-18T00:00:00Z,445.260009765625,447.20001220703125,433.5799865722656,436.3599853515625,698800
ROL,2026-05-18T00:00:00Z,53.599998474121094,55.18000030517578,53.59000015258789,54.61000061035156,3013200
ROP,2026-05-18T00:00:00Z,320.7099914550781,331.44000244140625,319.1300048828125,331.010009765625,1080500
ROST,2026-05-18T00:00:00Z,214.08999633789062,216.0399932861328,209.41000366210938,211.0800018310547,3672300
RSG,2026-05-18T00:00:00Z,207.8699951171875,215.47000122070312,207.8699951171875,214.52000427246094,1954300
RTX,2026-05-18T00:00:00Z,171.67999267578125,176.08999633789062,171.0,175.9499969482422,5627400
RVTY,2026-05-18T00:00:00Z,93.93000030517578,96.6500015258789,93.91000366210938,95.4800033569336,1051000
SATS,2026-05-18T00:00:00Z,146.75,147.25,135.11000061035156,136.4499969482422,8968900
SBAC,2026-05-18T00:00:00Z,200.67999267578125,203.5,199.14999389648438,203.33999633789062,606400
SBUX,2026-05-18T00:00:00Z,106.79000091552734,108.11000061035156,105.83999633789062,106.5999984741211,6587800
SCHW,2026-05-18T00:00:00Z,91.0,93.43000030517578,90.77999877929688,92.38999938964844,8266100
SHW,2026-05-18T00:00:00Z,301.5,308.1600036621094,300.9200134277344,302.7799987792969,1897200
SJM,2026-05-18T00:00:00Z,100.69000244140625,104.45999908447266,100.69000244140625,103.63999938964844,2763400
SLB,2026-05-18T00:00:00Z,55.150001525878906,57.59000015258789,55.11000061035156,57.150001525878906,11461700
SMCI,2026-05-18T00:00:00Z,31.219999313354492,31.299999237060547,29.520000457763672,30.850000381469727,26671800
SNA,2026-05-18T00:00:00Z,360.7300109863281,364.69000244140625,359.55999755859375,363.54998779296875,323300
SNDK,2026-05-18T00:00:00Z,1431.6700439453125,1440.0,1277.3299560546875,1333.010009765625,13904400
SNPS,2026-05-18T00:00:00Z,499.17999267578125,501.8299865722656,489.0899963378906,498.42999267578125,1883500
SO,2026-05-18T00:00:00Z,92.2300033569336,93.97000122070312,92.1500015258789,93.70999908447266,6781000
SOLV,2026-05-18T00:00:00Z,74.43000030517578,76.46600341796875,74.2249984741211,76.12999725341797,1519500
SPG,2026-05-18T00:00:00Z,200.05999755859375,201.52999877929688,199.41000366210938,200.4199981689453,1815000
SPGI,2026-05-18T00:00:00Z,404.0,419.5899963378906,403.20001220703125,417.4100036621094,1741000
SRE,2026-05-18T00:00:00Z,90.94999694824219,91.19000244140625,88.97000122070312,90.2300033569336,3054300
STE,2026-05-18T00:00:00Z,212.19000244140625,217.8300018310547,211.1300048828125,212.8699951171875,833700
STLD,2026-05-18T00:00:00Z,229.32000732421875,230.08999633789062,225.91000366210938,228.5800018310547,758500
STT,2026-05-18T00:00:00Z,152.4600067138672,154.50999450683594,151.7899932861328,153.74000549316406,1810800
STX,2026-05-18T00:00:00Z,801.0,801.0,710.1099853515625,740.8400268554688,4945800
STZ,2026-05-18T00:00:00Z,144.3000030517578,147.77000427246094,143.8000030517578,147.5800018310547,3518000
SW,2026-05-18T00:00:00Z,37.720001220703125,38.290000915527344,37.25,37.349998474121094,3910500
SWK,2026-05-18T00:00:00Z,75.3499984741211,75.95999908447266,74.56999969482422,75.44999694824219,1444400
SWKS,2026-05-18T00:00:00Z,69.58000183105469,71.04000091552734,68.26000213623047,70.3499984741211,6801300
SYF,2026-05-18T00:00:00Z,71.0,71.7300033569336,70.72000122070312,71.05000305175781,3322800
SYK,2026-05-18T00:00:00Z,307.0,314.82000732421875,305.0,313.2200012207031,3515100
SYY,2026-05-18T00:00:00Z,72.80999755859375,73.75,72.4800033569336,73.5199966430664,3707200
T,2026-05-18T00:00:00Z,24.09000015258789,24.579999923706055,23.850000381469727,24.43000030517578,38981000
TAP,2026-05-18T00:00:00Z,40.939998626708984,41.86000061035156,40.93000030517578,41.68000030517578,2787100
TDG,2026-05-18T00:00:00Z,1148.1800537109375,1191.1300048828125,1145.010009765625,1182.3499755859375,563300
TDY,2026-05-18T00:00:00Z,618.2000122070312,620.280029296875,611.6799926757812,617.6099853515625,240800
TECH,2026-05-18T00:00:00Z,43.90999984741211,45.130001068115234,43.20000076293945,44.43000030517578,4102000
TEL,2026-05-18T00:00:00Z,205.6300048828125,205.6300048828125,197.89999389648438,200.50999450683594,1850800
TER,2026-05-18T00:00:00Z,337.8800048828125,342.0400085449219,315.6700134277344,321.04998779296875,4670100
TFC,2026-05-18T00:00:00Z,47.0,47.290000915527344,46.810001373291016,47.04999923706055,5401600
TGT,2026-05-18T00:00:00Z,121.81999969482422,123.55000305175781,120.08000183105469,123.4000015258789,3708100
TJX,2026-05-18T00:00:00Z,148.19000244140625,151.66000366210938,147.8000030517578,150.25,6911700
TKO,2026-05-18T00:00:00Z,190.5500030517578,194.47000122070312,188.7100067138672,194.07000732421875,1174000
TMO,2026-05-18T00:00:00Z,438.44000244140625,444.44000244140625,435.2699890136719,442.0,1908500
TMUS,2026-05-18T00:00:00Z,186.0500030517578,190.97000122070312,186.00999450683594,190.64999389648438,5029900
TPL,2026-05-18T00:00:00Z,383.8800048828125,390.19000244140625,382.0199890136719,386.6099853515625,239900
TPR,2026-05-18T00:00:00Z,130.9600067138672,135.2100067138672,128.55999755859375,131.1699981689453,2927400
TRGP,2026-05-18T00:00:00Z,271.7799987792969,275.6000061035156,270.2099914550781,274.70001220703125,999700
TRMB,2026-05-18T00:00:00Z,55.150001525878906,55.61000061035156,54.650001525878906,55.02000045776367,2200400
TROW,2026-05-18T00:00:00Z,101.30999755859375,102.62999725341797,100.81999969482422,102.37999725341797,1677300
TRV,2026-05-18T00:00:00Z,299.95001220703125,306.32000732421875,299.95001220703125,305.989990234375,1228500
TSCO,2026-05-18T00:00:00Z,30.729999542236328,31.860000610351562,30.690000534057617,31.719999313354492,13019300
TSLA,2026-05-18T00:00:00Z,419.2699890136719,421.1300048828125,405.3299865722656,409.989990234375,52474200
TSN,2026-05-18T00:00:00Z,66.41000366210938,66.94999694824219,65.98999786376953,66.68000030517578,2603900
TT,2026-05-18T00:00:00Z,466.19000244140625,467.6099853515625,457.8599853515625,460.4200134277344,955500
TTD,2026-05-18T00:00:00Z,20.989999771118164,22.577999114990234,20.989999771118164,22.270000457763672,20491900
TTWO,2026-05-18T00:00:00Z,233.35000610351562,244.1300048828125,231.9600067138672,242.16000366210938,2339700
TXN,2026-05-18T00:00:00Z,308.54998779296875,309.19000244140625,295.4599914550781,300.6000061035156,6513100
TXT,2026-05-18T00:00:00Z,89.0199966430664,91.0,88.5,90.58999633789062,1240500
TYL,2026-05-18T00:00:00Z,310.6400146484375,325.5400085449219,310.6400146484375,320.7900085449219,1033000
UAL,2026-05-18T00:00:00Z,94.16000366210938,96.1500015258789,91.36000061035156,92.55000305175781,5272000
UBER,2026-05-18T00:00:00Z,74.88999938964844,75.97000122070312,74.2300033569336,75.08000183105469,17776200
UDR,2026-05-18T00:00:00Z,37.0,37.599998474121094,37.0,37.459999084472656,2792800
UHS,2026-05-18T00:00:00Z,168.47000122070312,172.1699981689453,168.32000732421875,169.27000427246094,624900
ULTA,2026-05-18T00:00:00Z,490.739990234375,499.760009765625,477.1499938964844,479.8699951171875,1091100
UNH,2026-05-18T00:00:00Z,390.0,392.1400146484375,383.5,391.1300048828125,8400700
UNP,2026-05-18T00:00:00Z,271.0,276.3999938964844,269.57000732421875,275.1300048828125,3197000
UPS,2026-05-18T00:00:00Z,96.81999969482422,97.2300033569336,94.48999786376953,95.52999877929688,6396200
URI,2026-05-18T00:00:00Z,955.4299926757812,967.5900268554688,939.8200073242188,944.5700073242188,572500
USB,2026-05-18T00:00:00Z,53.150001525878906,53.79999923706055,53.029998779296875,53.45000076293945,5987600
V,2026-05-18T00:00:00Z,324.42999267578125,333.42999267578125,323.7699890136719,332.6400146484375,5305800
VEEV,2026-05-18T00:00:00Z,158.00999450683594,165.1999969482422,157.77000427246094,163.85000610351562,2451000
VICI,2026-05-18T00:00:00Z,27.8700008392334,28.510000228881836,27.8700008392334,28.5,7580500
VLO,2026-05-18T00:00:00Z,249.9499969482422,260.30999755859375,246.49000549316406,258.5199890136719,3255600
VLTO,2026-05-18T00:00:00Z,85.08999633789062,86.93000030517578,85.01000213623047,86.70999908447266,2093700
VMC,2026-05-18T00:00:00Z,268.30999755859375,270.6700134277344,265.7699890136719,266.3299865722656,984400
VRSK,2026-05-18T00:00:00Z,163.6300048828125,172.0399932861328,163.6300048828125,171.52000427246094,2011000
VRSN,2026-05-18T00:00:00Z,297.9100036621094,307.79998779296875,295.6300048828125,305.30999755859375,755300
VRT,2026-05-18T00:00:00Z,370.2950134277344,370.2950134277344,330.7200012207031,339.7300109863281,8086700
VRTX,2026-05-18T00:00:00Z,435.4200134277344,440.0400085449219,430.25,436.5799865722656,1451000
VST,2026-05-18T00:00:00Z,139.0,139.5399932861328,133.86000061035156,136.75,6321800
VTR,2026-05-18T00:00:00Z,87.63999938964844,88.62000274658203,87.08999633789062,88.13999938964844,4364300
VTRS,2026-05-18T00:00:00Z,16.559999465942383,16.709999084472656,16.40999984741211,16.5,10008700
VZ,2026-05-18T00:00:00Z,46.599998474121094,47.02000045776367,45.810001373291016,46.7599983215332,25427400
WAB,2026-05-18T00:00:00Z,263.3299865722656,264.1000061035156,258.82000732421875,260.1700134277344,853300
WAT,2026-05-18T00:00:00Z,330.2799987792969,337.8800048828125,329.2699890136719,332.19000244140625,833700
WBD,2026-05-18T00:00:00Z,26.979999542236328,27.1299991607666,26.920000076293945,27.100000381469727,13552600
WDAY,2026-05-18T00:00:00Z,123.08999633789062,130.8000030517578,123.08999633789062,128.8800048828125,4611700
WDC,2026-05-18T00:00:00Z,485.3399963378906,487.0,441.6700134277344,458.67999267578125,8996700
WEC,2026-05-18T00:00:00Z,109.58999633789062,110.23999786376953,108.77999877929688,109.55000305175781,2561400
WELL,2026-05-18T00:00:00Z,212.91000366210938,215.39999389648438,211.77999877929688,212.61000061035156,1992200
WFC,2026-05-18T00:00:00Z,73.33000183105469,74.7699966430664,73.33000183105469,74.37000274658203,16934200
WM,2026-05-18T00:00:00Z,219.1999969482422,223.77000427246094,219.07000732421875,222.72999572753906,2697000
WMB,2026-05-18T00:00:00Z,77.97000122070312,78.30999755859375,77.01000213623047,77.69000244140625,6753000
WMT,2026-05-18T00:00:00Z,131.52000427246094,133.47000122070312,131.1300048828125,133.33999633789062,17183200
WRB,2026-05-18T00:00:00Z,66.48999786376953,68.9000015258789,66.2699966430664,68.76000213623047,1973800
WSM,2026-05-18T00:00:00Z,168.11000061035156,172.3300018310547,166.22999572753906,169.16000366210938,1373000
WST,2026-05-18T00:00:00Z,304.3500061035156,309.0299987792969,301.6300048828125,304.4100036621094,515400
WTW,2026-05-18T00:00:00Z,248.9600067138672,258.69000244140625,248.9600067138672,256.8599853515625,839800
WY,2026-05-18T00:00:00Z,22.75,23.110000610351562,22.75,22.8700008392334,4714800
WYNN,2026-05-18T00:00:00Z,96.0999984741211,98.01000213623047,94.87000274658203,95.51000213623047,1341000
XEL,2026-05-18T00:00:00Z,78.44000244140625,78.98999786376953,77.54000091552734,78.0999984741211,4971700
XOM,2026-05-18T00:00:00Z,157.32000732421875,161.72999572753906,155.22999572753906,160.49000549316406,20065200
XYL,2026-05-18T00:00:00Z,108.25,109.29000091552734,107.79000091552734,108.30000305175781,2342400
XYZ,2026-05-18T00:00:00Z,69.77999877929688,71.80000305175781,69.54000091552734,70.62999725341797,4806000
YUM,2026-05-18T00:00:00Z,150.4499969482422,153.1999969482422,150.25999450683594,152.30999755859375,1418300
ZBH,2026-05-18T00:00:00Z,84.23999786376953,86.2699966430664,84.1500015258789,85.13999938964844,2303200
ZBRA,2026-05-18T00:00:00Z,261.05999755859375,263.489990234375,254.86000061035156,260.05999755859375,1067700
ZTS,2026-05-18T00:00:00Z,74.19999694824219,77.95999908447266,74.19999694824219,77.72000122070312,8848300
